i,ba,mcc,auc,Sensitivity,Specificity,f1,pos_LR,ppv,average_precision_score,y_pred,y_proba
3,0.5644374282433984,0.12042615491500162,0.5806544202066589,0.6865671641791045,0.4423076923076923,0.5609756097560975,1.2310859495625321,0.7666666666666667,0.7981782850871642,"[0 0 0 1 1 0 1 1 0 1 1 1 1 1 1 1 0 0 0 0 0 1 0 1 0 0 1 0 0 1 1 1 1 0 1 1 1
 1 0 0 0 0 0 1 1 0 0 0 0 0 0 0 0 0 0 0 1 1 1 1 0 1 1 1 1 0 0 0 0 0 0 1 0 1
 1 0 0 0 0 0 1 0 0 1 0 1 0 0 0 0 0 1 1 0 1 1 0 0 0 0 1 0 1 0 0 1 0 0 0 0 0
 1 1 1 1 0 0 1 1 0 1 1 0 1 1 0 1 1 0 1 0 0 1 1 0 1 1 0 1 1 0 0 1 0 0 1 0 1
 0 0 0 0 0 1 0 1 0 0 0 0 1 1 0 1 0 0 0 0 1 0 1 1 0 0 0 0 0 0 1 0 0 0 1 1 0
 0 1 1 0 0 1 0 0 0 0 1 1 0 0 0 0 0 1 0 0 0 0 1 1 0 1 0 0 0 0 0 1 0 0 1 0 0
 1]","[0.55701372 0.35041671 0.32229687 0.59576403 0.70862594 0.24823788
 0.79118792 0.80009473 0.53958053 0.75879625 0.69248425 0.66169012
 0.67001027 0.64872623 0.63148362 0.68823499 0.29385402 0.38258206
 0.37057679 0.45171446 0.28047708 0.71170465 0.34364981 0.68637756
 0.50137376 0.32299861 0.82606876 0.40570665 0.20572595 0.6448405
 0.69477523 0.69914853 0.72621541 0.41399189 0.60853386 0.62318818
 0.74437929 0.59900609 0.58380325 0.54643679 0.36951094 0.39693846
 0.34425909 0.8481329  0.75587725 0.42972752 0.47037944 0.40105402
 0.31282872 0.55530043 0.52906811 0.40034347 0.48923826 0.57267377
 0.47074319 0.57521995 0.71022184 0.67277499 0.74158418 0.61662256
 0.48577041 0.59092942 0.6650152  0.72070437 0.73972898 0.26093633
 0.45655171 0.42570348 0.51517535 0.48111914 0.38709085 0.68895811
 0.34859758 0.6203779  0.84234449 0.34917523 0.4520158  0.31359429
 0.40656858 0.5752571  0.61076069 0.38489229 0.44603147 0.66985807
 0.40571571 0.63186643 0.42851814 0.36208401 0.31527276 0.36008677
 0.24001982 0.68358858 0.85216974 0.31074873 0.80376941 0.71928115
 0.27874896 0.40938602 0.47407864 0.31453626 0.7216219  0.2111052
 0.77822483 0.41314858 0.50330719 0.59564588 0.3849893  0.235469
 0.42624722 0.53259438 0.34921859 0.66905107 0.61375986 0.65048077
 0.81286011 0.50202152 0.19577173 0.72539912 0.6598517  0.46466116
 0.82287628 0.79397584 0.51972653 0.72814487 0.73828516 0.43380321
 0.77582435 0.75370606 0.17346889 0.74804033 0.50470845 0.51760555
 0.74244589 0.78653681 0.58144379 0.82028689 0.72761209 0.43960407
 0.68064569 0.65371225 0.35208938 0.50743132 0.72554153 0.4339285
 0.40535822 0.7034343  0.46103385 0.66616738 0.36718909 0.54718656
 0.41160921 0.58878767 0.50829445 0.74477686 0.55338184 0.6285689
 0.31121197 0.58589908 0.27665672 0.42396658 0.60815209 0.7375449
 0.46365313 0.64205843 0.56730234 0.41713393 0.41798337 0.41272938
 0.63390802 0.48963975 0.62281283 0.65708071 0.4363302  0.53356412
 0.31183356 0.46118129 0.4541646  0.38070215 0.63656125 0.56697874
 0.28605179 0.57451557 0.59156008 0.66213039 0.43779203 0.30010776
 0.5943818  0.63423634 0.45981867 0.57010211 0.74618408 0.42119299
 0.37017262 0.41768445 0.26809562 0.710648   0.65946555 0.48051749
 0.37361519 0.44460722 0.50123488 0.33489166 0.71414392 0.46587495
 0.45104053 0.38147972 0.40859472 0.61960877 0.71382297 0.54035157
 0.72838989 0.34623887 0.45469341 0.49636272 0.28714708 0.50041696
 0.63341952 0.5414429  0.48442891 0.60271364 0.3467639  0.35116362
 0.65649887]"
5,0.515116724071948,0.036864616436594416,0.5545350172215844,0.8507462686567164,0.1794871794871795,0.288659793814433,1.0368470149253732,0.7368421052631579,0.748302988215961,"[0 0 1 0 1 0 0 0 1 0 0 0 1 1 0 1 0 0 0 0 0 1 0 0 1 0 0 0 0 0 0 0 0 0 1 0 0
 1 0 0 0 0 0 0 0 0 0 1 0 0 1 0 0 0 0 1 0 0 0 0 1 1 0 0 0 0 0 0 0 0 0 0 0 0
 0 0 0 0 0 0 1 0 0 0 0 0 0 0 0 0 0 0 0 0 0 0 0 0 1 1 0 0 0 0 0 1 0 0 0 0 0
 1 0 0 0 0 0 1 0 0 1 0 0 0 0 0 0 0 0 0 1 1 0 0 0 0 0 0 0 0 0 0 0 0 1 0 1 1
 0 1 0 0 0 0 0 0 0 0 0 0 0 0 0 0 0 0 0 0 0 1 1 0 0 0 0 1 1 0 0 0 0 0 0 1 0
 0 0 0 0 0 0 0 0 0 0 0 0 1 0 0 0 0 0 0 1 0 0 0 0 0 1 0 0 0 0 0 0 1 0 0 0 0
 1]","[0.45693086 0.25433018 0.63673058 0.17678208 0.67952361 0.09585876
 0.1611065  0.32742389 0.60441828 0.39260228 0.53135987 0.28682293
 0.70360175 0.73387537 0.53276846 0.57791375 0.29457274 0.34720571
 0.21818987 0.29718137 0.13342264 0.57677592 0.18809063 0.48383621
 0.59925106 0.25151312 0.44820487 0.27841959 0.17244409 0.50530076
 0.47707335 0.4278194  0.35331386 0.4167022  0.60605374 0.55040451
 0.1255444  0.72265459 0.16634485 0.50405675 0.46119195 0.28082695
 0.25980268 0.15485591 0.27104598 0.42771242 0.44010249 0.79739616
 0.33594185 0.48258662 0.81234107 0.18225022 0.5212367  0.54572852
 0.30718057 0.7314673  0.51085418 0.38806478 0.18581282 0.52573969
 0.61488906 0.58651693 0.13412553 0.50471803 0.44190508 0.43166077
 0.48678583 0.33659147 0.36667328 0.18928694 0.31342964 0.42969489
 0.39884495 0.23427968 0.50690477 0.07022078 0.42290825 0.13801401
 0.35317626 0.17112959 0.6442918  0.33640698 0.32602913 0.12856671
 0.48288784 0.1291398  0.26227506 0.29350526 0.33466851 0.20615984
 0.47554281 0.23775321 0.36199719 0.17918143 0.11486718 0.29386452
 0.20578718 0.35762808 0.72157923 0.57844846 0.20867151 0.09058166
 0.30089718 0.47589219 0.48792336 0.74846749 0.56194574 0.51010539
 0.53339073 0.17589676 0.18042175 0.60619162 0.51681904 0.51267862
 0.49783769 0.26089695 0.10897744 0.68412342 0.50335325 0.31573945
 0.613405   0.36567175 0.23286207 0.54965323 0.18199749 0.4569811
 0.37753986 0.4340219  0.06725267 0.44523235 0.80401615 0.61333522
 0.28469002 0.51683426 0.29366357 0.21926125 0.56233263 0.53218565
 0.53817673 0.44686973 0.56653739 0.47277065 0.50051644 0.09801037
 0.61666614 0.4871276  0.71490545 0.57929191 0.32508799 0.59093506
 0.51286915 0.38238041 0.54789748 0.51356227 0.50143212 0.49981637
 0.11745319 0.57641409 0.24687841 0.50888867 0.36113071 0.24529439
 0.30149692 0.12538004 0.25104189 0.31720755 0.38931939 0.4622221
 0.21307014 0.72003193 0.71804917 0.35135176 0.35408271 0.30541109
 0.36202611 0.61048562 0.61588144 0.28177538 0.21012136 0.13819987
 0.16811297 0.54355565 0.41202686 0.58787695 0.25363694 0.11553881
 0.54694335 0.12941701 0.1503541  0.37309709 0.20725772 0.45277769
 0.19031805 0.50749966 0.15520439 0.19829327 0.47539063 0.58982512
 0.28055828 0.51910288 0.30952055 0.18437017 0.34920217 0.56908899
 0.64589926 0.17768937 0.39245588 0.54372283 0.35499945 0.56627992
 0.59187965 0.30320859 0.25134461 0.21751254 0.21368809 0.43867135
 0.2242617  0.59082768 0.49374246 0.45356218 0.3871015  0.267904
 0.61932772]"
6,0.5086586299272866,0.02473768683362527,0.5445847684653655,0.8955223880597015,0.12179487179487179,0.2087912087912088,1.019718923630025,0.7307692307692307,0.7252281951541673,"[0 0 1 0 1 0 0 0 0 0 1 0 0 0 1 1 0 0 0 0 0 0 0 0 0 0 1 0 0 0 0 0 0 0 0 0 0
 0 0 0 0 0 0 0 0 0 0 1 0 0 0 0 0 0 0 0 1 0 0 1 0 0 0 0 0 0 1 0 0 0 0 0 0 0
 0 0 0 0 0 0 1 0 0 0 0 0 0 0 0 0 0 0 0 0 0 0 0 0 0 0 0 1 0 1 1 0 0 0 0 0 0
 0 0 0 0 0 1 0 0 0 0 0 0 0 0 0 0 0 1 0 0 0 0 0 0 0 0 0 0 0 0 1 0 0 1 0 0 1
 0 0 0 0 0 0 0 0 0 1 1 0 0 0 0 0 0 0 0 0 0 0 0 0 0 0 0 0 0 0 0 0 0 0 0 0 1
 0 0 0 0 0 0 0 0 0 1 0 0 0 0 0 0 0 0 0 1 0 0 0 0 0 0 0 1 0 0 0 0 0 1 0 0 0
 0]","[0.52856836 0.41973721 0.74837169 0.20409894 0.73629958 0.58266403
 0.49608148 0.4380959  0.53463196 0.46921598 0.66309321 0.37933199
 0.58970985 0.62236805 0.65862812 0.6834279  0.18257821 0.12127098
 0.49870817 0.36712218 0.05958963 0.40566257 0.09292212 0.56032767
 0.61441348 0.1113753  0.66891302 0.52219295 0.60953917 0.56811703
 0.57113879 0.56416675 0.53437915 0.56089983 0.50496623 0.56861882
 0.49386323 0.58377242 0.27214907 0.63086674 0.57118542 0.14114118
 0.42725987 0.31523824 0.42797252 0.42164391 0.62231312 0.67836156
 0.07252644 0.65372816 0.5787607  0.05026794 0.47798381 0.61206399
 0.33573422 0.47705689 0.6697861  0.52387999 0.50041906 0.68034187
 0.44031976 0.61371611 0.22583249 0.36868998 0.57197149 0.15245184
 0.6788283  0.42219559 0.41625491 0.37691214 0.55795022 0.56730684
 0.60793007 0.47265022 0.53462668 0.47141105 0.34565501 0.54633135
 0.57876031 0.25163149 0.67139051 0.4588979  0.2682567  0.46300119
 0.62593432 0.16921093 0.41469285 0.54623645 0.63866732 0.10007478
 0.62467936 0.43698874 0.52647394 0.08217834 0.22179704 0.5239873
 0.6258385  0.43398799 0.55715829 0.55961424 0.25072186 0.72754776
 0.41444624 0.71600456 0.66814547 0.58168147 0.57999075 0.57883794
 0.50487606 0.09130798 0.03948027 0.62926442 0.52036863 0.57368734
 0.61730448 0.31884697 0.6584258  0.60066156 0.62334174 0.4762998
 0.57532233 0.63870738 0.49985447 0.52841064 0.36469786 0.58321367
 0.47899206 0.640963   0.83828794 0.50643339 0.55365075 0.56613415
 0.44302901 0.64953241 0.61453029 0.46935681 0.61826362 0.57667045
 0.50550974 0.57889093 0.54470537 0.6667127  0.47191337 0.24639054
 0.66124627 0.6291775  0.5516013  0.69768682 0.4722732  0.46707149
 0.58599548 0.53644576 0.42426437 0.57594974 0.40877217 0.5246169
 0.51378872 0.7389117  0.67053776 0.38430224 0.5195753  0.40301502
 0.34997628 0.35360382 0.51203491 0.5129128  0.61829158 0.43944337
 0.52917681 0.56041545 0.53802    0.21553623 0.34620051 0.4990477
 0.63751334 0.62181498 0.55706856 0.39242999 0.28542956 0.46711178
 0.07524245 0.50515452 0.47993915 0.48145012 0.675771   0.52052771
 0.50874694 0.5687689  0.59340319 0.32979852 0.41487394 0.54809241
 0.25005    0.55369048 0.74074402 0.42035827 0.63056135 0.57807632
 0.41175529 0.54119044 0.33108087 0.50460847 0.29746218 0.50657216
 0.69088857 0.4030164  0.57672455 0.56551554 0.42273879 0.62767869
 0.58000282 0.30720942 0.72187967 0.40695366 0.22060907 0.28712676
 0.50005449 0.56113425 0.77600399 0.57426841 0.53781399 0.34058552
 0.43771914]"
7,0.5956276310753923,0.18281005586242974,0.6125143513203214,0.4925373134328358,0.6987179487179487,0.729096989966555,1.6348046999047314,0.7622377622377622,0.7536468335032976,"[1 1 0 1 1 0 1 1 1 1 1 1 1 1 0 1 0 0 0 1 0 1 0 0 1 0 1 0 1 1 1 1 1 1 1 1 0
 1 0 1 1 1 0 1 1 0 0 1 1 0 1 1 1 0 0 1 1 1 1 0 1 0 0 1 1 1 1 1 0 1 1 1 0 0
 1 1 1 0 1 1 1 1 0 1 1 0 1 1 1 0 0 1 1 0 1 1 0 1 1 0 1 0 1 1 0 1 1 1 1 1 1
 1 1 0 1 0 0 1 1 0 1 1 0 1 0 0 1 0 1 1 1 1 1 1 1 1 1 1 1 1 0 1 1 1 1 0 1 1
 0 1 1 0 1 1 1 1 0 1 0 0 0 1 1 0 1 1 0 1 0 1 0 1 0 0 1 1 1 0 0 1 0 0 0 1 0
 0 1 1 1 0 0 1 1 0 0 1 1 1 1 0 1 0 0 1 1 0 0 1 1 0 1 0 1 0 0 0 0 1 1 1 1 0
 1]","[0.69933572 0.74140142 0.62984203 0.74947685 0.76867328 0.36883911
 0.764417   0.84592262 0.72698717 0.79300728 0.87537706 0.67419511
 0.7810873  0.77031822 0.60119544 0.86096429 0.65319577 0.58632738
 0.46562765 0.76786551 0.54937698 0.70249974 0.59505952 0.59138502
 0.93957612 0.4568254  0.81836508 0.5285956  0.66748016 0.85173421
 0.80004299 0.77742829 0.79153505 0.79909854 0.807123   0.74248085
 0.62370492 0.6947619  0.63709656 0.85223852 0.70362075 0.79185979
 0.52935185 0.73786376 0.82620354 0.59439512 0.63669962 0.75300198
 0.94131888 0.57596388 0.69947288 0.70016468 0.76616071 0.64813883
 0.57965354 0.73757011 0.6982327  0.69637169 0.73181944 0.65140509
 0.67086338 0.60599802 0.61724471 0.78438563 0.72011839 0.91686991
 0.81011625 0.76964536 0.64105754 0.70608333 0.7674881  0.70466213
 0.59890671 0.65323556 0.65691336 0.72024934 0.81711243 0.51711839
 0.69431646 0.7142414  0.79166436 0.85638731 0.47349765 0.68767857
 0.78844114 0.61162037 0.70263431 0.67761565 0.77146218 0.54177381
 0.57342435 0.76136442 0.84066534 0.59482672 0.68646892 0.80616446
 0.54526313 0.8179408  0.78122884 0.53703307 0.75752447 0.51136971
 0.78733003 0.72306867 0.57810317 0.82571711 0.74036278 0.70008862
 0.92290773 0.65576323 0.68263095 0.8544305  0.68119555 0.64094343
 0.87610134 0.41679299 0.45249008 0.81242907 0.71796402 0.38584866
 0.8948836  0.82998465 0.43679055 0.84317196 0.62755934 0.60192935
 0.79387831 0.64952579 0.87618712 0.88937981 0.79330799 0.70869402
 0.82672421 0.81472853 0.76473214 0.76439819 0.71119062 0.69155011
 0.83837961 0.77336544 0.53550208 0.92963986 0.73510995 0.7433082
 0.69581937 0.3865282  0.73316706 0.81591692 0.45870315 0.72147358
 0.83537382 0.6354785  0.71184458 0.8568822  0.70431394 0.7949568
 0.49252641 0.72524634 0.61528439 0.57208598 0.56613774 0.77286388
 0.90342593 0.56883532 0.70464881 0.67489921 0.41413624 0.67818076
 0.59588135 0.69133806 0.6242016  0.75989051 0.60817791 0.53279603
 0.71202667 0.79972517 0.70491856 0.41920697 0.65466111 0.73833532
 0.50726389 0.60052315 0.6087537  0.81410764 0.56888425 0.40966032
 0.74161801 0.88043386 0.85514087 0.59597874 0.6434511  0.89997156
 0.78251972 0.54941982 0.56513598 0.71570319 0.80968912 0.72789792
 0.73683135 0.6435561  0.7208631  0.50601742 0.36232452 0.75184458
 0.71429233 0.47875255 0.6389968  0.73060516 0.79113352 0.6469537
 0.81428135 0.44920623 0.9581614  0.45440608 0.16092526 0.53682813
 0.64169221 0.71851638 0.97566908 0.7427586  0.6773934  0.5859384
 0.73146743]"
8,0.49579027937236897,-0.017106104506851245,0.590987370838117,0.9402985074626866,0.05128205128205128,0.09523809523809523,0.9911254538120211,0.6666666666666666,0.7380235498856107,"[0 0 0 0 0 0 0 0 0 0 0 0 0 0 0 0 0 0 0 1 0 0 0 0 1 0 0 0 0 0 0 0 0 0 0 0 0
 0 0 0 0 1 0 0 0 0 0 0 1 0 0 0 0 0 0 0 0 0 0 0 0 0 0 0 0 0 0 0 0 0 0 0 0 0
 0 0 0 0 0 0 0 1 0 0 0 0 1 0 0 0 0 0 0 0 0 0 0 0 0 0 0 0 0 0 0 0 0 0 1 0 0
 0 0 0 0 0 0 0 0 0 0 0 0 0 0 0 0 0 0 0 0 0 0 0 0 0 1 0 0 0 0 0 0 0 0 0 0 0
 0 0 0 0 0 0 0 0 0 0 0 0 0 0 0 0 0 0 0 0 0 0 0 0 0 0 0 0 0 0 0 0 0 0 0 0 0
 0 0 0 0 0 0 1 0 0 0 0 0 0 0 0 0 0 0 0 0 0 0 0 0 0 1 1 0 0 0 0 0 0 0 0 0 0
 1]","[0.44025498 0.64330495 0.3811275  0.21550458 0.4843577  0.4104017
 0.49053283 0.38547028 0.58819353 0.26518995 0.61130601 0.34429367
 0.61137612 0.65583222 0.54942529 0.61065641 0.61425519 0.42774209
 0.26273101 0.7333001  0.09607307 0.56072645 0.45982023 0.59687149
 0.70323644 0.35575889 0.66757204 0.24597311 0.46323882 0.52192919
 0.38678355 0.55539531 0.64565855 0.63016357 0.68593544 0.68369682
 0.40599592 0.6256751  0.32954946 0.55324168 0.55983185 0.75582104
 0.65341825 0.51175519 0.39031556 0.36927094 0.56212401 0.45319572
 0.75458154 0.51326476 0.62228739 0.38710229 0.57506943 0.36701931
 0.43726106 0.50412753 0.47214708 0.39033562 0.33028285 0.44310853
 0.52147167 0.59383328 0.23787081 0.45560348 0.45926692 0.63725532
 0.50141668 0.5747467  0.31225485 0.38066405 0.63928566 0.29206119
 0.37436851 0.56442161 0.50061854 0.25804478 0.43726538 0.28898175
 0.59686065 0.23967134 0.61537507 0.70294502 0.17068384 0.3702156
 0.59858378 0.2157412  0.72614278 0.48770917 0.39310735 0.48970458
 0.37536774 0.45971321 0.55103675 0.1407981  0.44429295 0.56059555
 0.41796016 0.42735606 0.55487118 0.49975479 0.34859543 0.32360363
 0.54569737 0.3474737  0.4403216  0.5155596  0.60806143 0.44817409
 0.71121855 0.38808308 0.21964034 0.61787809 0.55343147 0.56798195
 0.54461019 0.53174467 0.45184404 0.5819621  0.55716652 0.51449052
 0.52491365 0.58860605 0.58675106 0.47910212 0.32775137 0.55579647
 0.67477032 0.49893652 0.46555094 0.55831105 0.6223861  0.57902891
 0.43889746 0.52417125 0.38988002 0.54366167 0.69341511 0.5035844
 0.61853641 0.51762167 0.47479375 0.51095374 0.55881703 0.09997695
 0.51977582 0.47593676 0.55478403 0.61517578 0.47495893 0.52175918
 0.49381973 0.56376966 0.51492253 0.59407385 0.443359   0.56376851
 0.41666161 0.41805562 0.55637057 0.43731259 0.49527914 0.46856074
 0.68888683 0.54638689 0.29207542 0.30581107 0.38125773 0.43204122
 0.44934945 0.51871964 0.36482599 0.46092069 0.59763709 0.53083617
 0.48648254 0.43435446 0.50851631 0.26438151 0.35906194 0.20873447
 0.07967623 0.50525507 0.5030554  0.63002047 0.36626341 0.41475129
 0.49648835 0.19052966 0.26319116 0.38434013 0.25404367 0.69314547
 0.43487297 0.44379706 0.63517459 0.1978545  0.64288384 0.56323491
 0.57021719 0.53466252 0.36121029 0.3595721  0.1415139  0.4961931
 0.50282878 0.23728511 0.49050624 0.47220286 0.57793239 0.53264586
 0.71955272 0.72033606 0.65907848 0.48657728 0.13878449 0.26470165
 0.30228776 0.62216425 0.67946079 0.31253129 0.42416822 0.20705149
 0.75836684]"
11,0.5836681974741676,0.1549361043171801,0.5860122464600077,0.6865671641791045,0.4807692307692308,0.5952380952380952,1.3222775013819792,0.78125,0.7691229953818026,"[1 1 0 0 1 0 1 1 0 0 0 1 1 1 1 1 1 0 0 1 0 1 0 0 1 0 1 0 0 0 1 1 1 0 1 1 0
 1 0 1 0 1 1 1 1 0 0 0 1 0 1 0 1 0 0 0 1 0 0 1 0 0 1 1 0 1 0 1 0 0 1 0 0 1
 1 0 0 0 0 0 0 1 0 0 0 0 1 0 0 0 0 1 1 0 0 1 0 0 0 0 0 0 1 0 0 1 0 0 1 0 0
 1 1 1 1 1 0 1 1 1 1 1 1 1 1 0 1 1 0 1 1 1 0 0 0 1 1 1 1 0 0 1 1 0 0 1 0 1
 0 1 0 1 1 0 0 0 1 0 0 0 1 1 1 1 0 0 0 0 1 0 1 0 0 0 0 0 0 0 1 0 0 0 1 0 0
 0 0 0 0 0 1 1 0 0 0 0 1 1 1 0 0 0 0 0 0 0 0 0 1 0 1 1 1 0 0 0 0 1 1 0 0 0
 1]","[0.73982276 0.7544103  0.24758384 0.22441224 0.67758983 0.2861935
 0.70971518 0.59610125 0.50514689 0.35247884 0.46422342 0.60341424
 0.61854178 0.61843503 0.57642728 0.60030045 0.83598033 0.333488
 0.27420023 0.92981801 0.28101343 0.77558273 0.38193099 0.49257082
 0.83384158 0.37117514 0.71181411 0.25245066 0.33519809 0.5084249
 0.77602248 0.7429655  0.72923442 0.46749113 0.7211789  0.68062605
 0.50515248 0.55622314 0.54431399 0.57571706 0.41166852 0.92184341
 0.71028804 0.76753594 0.58794254 0.43968228 0.43036565 0.35415986
 0.9475389  0.4426255  0.66120904 0.41030932 0.61795214 0.48918832
 0.43796149 0.52523858 0.56303044 0.46195098 0.53829428 0.57286667
 0.54439198 0.50541851 0.62069522 0.78879419 0.46308756 0.89837793
 0.40596359 0.61019283 0.48448732 0.41224764 0.57840536 0.54852632
 0.32284074 0.71978212 0.59941808 0.32828975 0.45529745 0.27362895
 0.43056779 0.37926468 0.52175186 0.71279529 0.42116634 0.38437843
 0.4742774  0.33745501 0.9027297  0.3980761  0.17004523 0.42656427
 0.20494767 0.65399929 0.72235307 0.34241224 0.54731252 0.68530747
 0.28127211 0.39873503 0.53211394 0.42284979 0.42473141 0.34571095
 0.61936705 0.29011661 0.413921   0.5655559  0.41853777 0.42219393
 0.90348174 0.37615169 0.26035163 0.5955886  0.76456321 0.722193
 0.59914419 0.61339413 0.48123866 0.60716447 0.57768338 0.59833968
 0.60704781 0.63697011 0.65169527 0.7737106  0.74812247 0.48600098
 0.7189243  0.6212183  0.16872453 0.65471404 0.60963339 0.55491548
 0.50153674 0.47894355 0.34713824 0.82943421 0.74592399 0.55597695
 0.64231261 0.48738145 0.32256143 0.619583   0.61469557 0.09663813
 0.5187465  0.60559712 0.54747825 0.62654589 0.3737784  0.57934817
 0.39155529 0.6363159  0.56265982 0.49856162 0.53779151 0.49322088
 0.58671608 0.46588077 0.44555855 0.44453911 0.58196379 0.77322339
 0.85303925 0.62172988 0.45053895 0.37195489 0.30886208 0.36238452
 0.66438281 0.53555576 0.57889899 0.50994217 0.53312378 0.46620819
 0.25363728 0.30738193 0.52941301 0.31913933 0.70759573 0.15478981
 0.18158131 0.50328714 0.60604807 0.53628759 0.37440594 0.30485532
 0.5299978  0.22023968 0.21244495 0.54789587 0.58917206 0.65716537
 0.37589853 0.4671922  0.45274654 0.34978996 0.78575118 0.57200641
 0.66285693 0.51994625 0.39720954 0.36159978 0.14478591 0.48236579
 0.49603415 0.36768604 0.41385376 0.54898341 0.67436114 0.42264841
 0.75151215 0.80758958 0.56059631 0.35878452 0.21014369 0.50328637
 0.48492741 0.66155626 0.63083801 0.5339935  0.36430477 0.37569855
 0.64500936]"
14,0.5355434366628397,0.06995812238872635,0.5652506697282816,0.7313432835820896,0.33974358974358976,0.4669603524229075,1.1076655557165629,0.7464788732394366,0.7513388198409882,"[1 0 1 0 1 0 1 0 0 1 0 1 0 0 1 1 0 0 1 0 0 0 0 0 0 0 1 1 0 0 1 1 1 0 0 0 1
 0 0 0 0 0 0 1 1 0 0 0 0 0 0 1 0 1 0 0 1 1 1 1 0 1 0 1 0 0 0 0 1 0 0 1 0 1
 1 1 0 0 0 0 0 0 0 1 0 0 0 0 0 0 0 1 1 0 0 1 0 0 0 0 1 0 0 1 0 0 0 0 0 0 0
 1 1 0 1 0 0 0 0 1 1 1 1 1 1 0 0 1 0 0 0 0 1 0 1 1 0 0 0 1 0 0 1 0 0 1 0 1
 0 0 0 0 0 0 0 0 0 1 0 0 1 1 0 1 0 0 1 0 1 0 1 1 0 0 0 0 0 0 0 1 1 0 0 0 0
 0 0 1 0 0 1 0 0 0 0 1 0 0 0 0 0 0 0 0 0 0 0 1 1 1 0 0 0 0 0 0 1 0 0 1 0 0
 0]","[0.91765344 0.09865013 0.71186706 0.64758135 0.82088823 0.0454213
 0.93522487 0.36654563 0.04711905 0.83894378 0.23681746 0.87468585
 0.13175728 0.27160847 0.8713631  0.80362765 0.15559788 0.52282738
 0.71869114 0.2699246  0.43720304 0.54906283 0.47658598 0.35327646
 0.36783201 0.38718981 0.77763757 0.81458135 0.09158201 0.13349934
 0.95325    0.90933333 0.92404299 0.09739153 0.21572421 0.65225066
 0.88867328 0.09506349 0.4393373  0.06405622 0.13412302 0.19704034
 0.07666733 0.85486706 0.92942526 0.30096098 0.20415278 0.27669907
 0.26575926 0.42022553 0.16080159 0.71399339 0.11215344 0.77366468
 0.22962103 0.21331019 0.66670172 0.91771098 0.92746693 0.67410582
 0.05014021 0.76039352 0.44504828 0.96002778 0.65469246 0.15248611
 0.30545569 0.05541534 0.84012632 0.52307474 0.24443056 0.89745899
 0.55181085 0.91819841 0.83750331 0.74510317 0.03599339 0.10973743
 0.18080754 0.62629101 0.17582937 0.05343386 0.1769881  0.74287169
 0.15991336 0.58761706 0.12504497 0.03876124 0.30933664 0.42888228
 0.3820119  0.89331085 0.88631151 0.40772354 0.5648545  0.97429431
 0.08874471 0.1242209  0.16646892 0.10083598 0.77423214 0.44383466
 0.58501852 0.83154563 0.47260714 0.60016204 0.09428241 0.36073876
 0.25783929 0.5364709  0.55861111 0.77779167 0.94079299 0.58717791
 0.90574934 0.16978571 0.15712434 0.60778505 0.35105622 0.87934854
 0.73972354 0.8380119  0.67902712 0.96311243 0.95317791 0.03186376
 0.35411442 0.76595437 0.39315278 0.44349537 0.08645238 0.20121561
 0.78051852 0.26678505 0.81280026 0.92741138 0.50143849 0.10502116
 0.11291601 0.85742328 0.56083466 0.33840675 0.95767989 0.46696429
 0.31808862 0.69580159 0.17030556 0.72645172 0.15009722 0.34477513
 0.13024008 0.14974669 0.27164947 0.31175066 0.19534325 0.48104034
 0.11156878 0.77810317 0.17129233 0.35767262 0.68030952 0.96418915
 0.36792791 0.85280026 0.63252381 0.18327183 0.80537103 0.39019643
 0.90474471 0.15411442 0.71357077 0.70446164 0.1290205  0.40533201
 0.20202183 0.60917659 0.13449206 0.06826786 0.29772884 0.72608201
 0.65524206 0.19073347 0.28560516 0.26112302 0.2269828  0.0449828
 0.2497619  0.80195172 0.64018452 0.11507011 0.93272619 0.3222963
 0.27413228 0.42768519 0.24970172 0.85799272 0.59648082 0.11449339
 0.0300668  0.13818122 0.51037698 0.19831746 0.12457143 0.22701786
 0.47913426 0.17353307 0.06674735 0.90480489 0.9528578  0.83494709
 0.41727579 0.10225132 0.20104101 0.25425    0.36675728 0.12170503
 0.77090675 0.10668783 0.3386078  0.75893254 0.05567593 0.15736508
 0.16347884]"
15,0.5011002678913127,0.005785651095437463,0.612705702257941,0.9701492537313433,0.03205128205128205,0.061349693251533735,1.0022734012058911,0.7142857142857143,0.7769939184867852,"[0 0 0 0 0 0 0 0 0 0 0 0 0 0 0 0 0 0 0 0 0 0 0 0 0 0 0 0 0 0 0 1 0 0 0 0 0
 0 0 0 0 0 0 0 0 0 0 0 0 0 0 0 0 0 0 0 1 0 0 0 0 0 0 0 0 0 0 0 0 1 0 0 0 0
 0 0 0 0 0 0 0 0 0 0 0 0 0 0 0 0 0 0 0 0 0 0 0 0 0 0 0 0 0 0 0 0 0 0 0 0 1
 0 0 0 0 0 0 0 0 0 1 0 0 0 0 0 0 0 0 0 0 0 0 0 0 0 0 0 0 0 0 0 0 0 0 0 0 0
 0 0 0 0 0 0 0 0 0 0 0 0 0 0 0 0 0 0 0 0 0 0 0 0 0 0 0 0 0 0 0 0 1 0 0 0 0
 0 0 0 0 0 0 0 0 0 0 0 0 0 0 0 0 0 0 0 0 0 0 0 0 0 0 0 0 0 0 0 0 0 0 1 0 0
 0]","[0.21089283 0.003482   0.26901671 0.12561187 0.51245173 0.00145484
 0.52155235 0.23310146 0.17359976 0.50634856 0.31786182 0.37602722
 0.0696419  0.22068434 0.10787502 0.53761585 0.00714322 0.52682412
 0.22441092 0.02174179 0.4039741  0.12229522 0.35126028 0.07658869
 0.01808099 0.35920147 0.32179423 0.17092125 0.00739712 0.13483128
 0.58389674 0.66747829 0.53770092 0.02339101 0.19202918 0.1145188
 0.54478483 0.20566513 0.12589088 0.26878827 0.01497519 0.01377181
 0.00421215 0.18091241 0.44883009 0.0474144  0.1924323  0.0893191
 0.01884808 0.13180474 0.14257861 0.05632332 0.01502068 0.52402079
 0.02933194 0.1514989  0.8393575  0.22905498 0.3250684  0.05344889
 0.05229507 0.25483445 0.2991347  0.13243957 0.25543907 0.00146567
 0.24266342 0.03070808 0.07243129 0.74395468 0.08370622 0.56806025
 0.05157251 0.1626901  0.20843559 0.0951725  0.00470721 0.01424438
 0.02473856 0.44189384 0.3623659  0.03467692 0.0255239  0.26308008
 0.07106336 0.09684168 0.02821694 0.16633827 0.06608029 0.4837999
 0.05377767 0.39242359 0.5303851  0.58714526 0.05986852 0.23199793
 0.02414345 0.02074862 0.03089581 0.0070695  0.0769782  0.28786607
 0.1148849  0.23023098 0.12981582 0.23963912 0.02651853 0.20670232
 0.04225904 0.08544841 0.90920817 0.15857194 0.34011513 0.09513041
 0.53300134 0.28488502 0.00264187 0.16855426 0.14329663 0.27481208
 0.69110211 0.44554646 0.05654454 0.43069692 0.24060664 0.05211478
 0.19702025 0.1882721  0.58276953 0.24719581 0.05415676 0.21191417
 0.50992483 0.35094516 0.34142698 0.56167163 0.10602746 0.11611682
 0.26383124 0.0849025  0.02045373 0.24568324 0.1432426  0.41099359
 0.33729789 0.17851096 0.03142646 0.25736073 0.06978687 0.08302287
 0.0177196  0.12101687 0.0370092  0.45993092 0.2147927  0.1629802
 0.00521798 0.44225268 0.12654237 0.02678956 0.12314685 0.09259958
 0.03715286 0.21326888 0.06541901 0.2416542  0.15483051 0.01169061
 0.26044093 0.10422289 0.12628503 0.07481186 0.05610989 0.05415713
 0.14328663 0.06613068 0.0779423  0.01021606 0.14321877 0.35854349
 0.88839155 0.2104503  0.08629108 0.28599838 0.10456548 0.01292498
 0.0203025  0.46727107 0.39767422 0.06104343 0.58169248 0.00917259
 0.01934442 0.04823113 0.04584986 0.42696016 0.1470774  0.11777573
 0.0197649  0.03958514 0.35174995 0.07123731 0.0423773  0.03376328
 0.06372866 0.00809746 0.14995215 0.30499298 0.13411722 0.1416085
 0.04336511 0.00988873 0.04255884 0.08413655 0.22093142 0.15016861
 0.08788983 0.06477139 0.04610166 0.77539757 0.03872772 0.05373114
 0.05477736]"
16,0.5021526980482204,0.014871704935678373,0.47388059701492535,0.9850746268656716,0.019230769230769232,0.0375,1.0043898156277435,0.75,0.7016374096059256,"[0 0 0 0 0 0 0 0 0 0 0 0 0 0 0 0 1 0 0 0 0 0 0 0 0 0 0 0 0 0 0 0 0 0 0 0 0
 0 0 0 0 1 0 0 0 0 0 0 1 0 0 0 0 0 0 0 0 0 0 0 0 0 0 0 0 0 0 0 0 0 0 0 0 0
 0 0 0 0 0 0 0 0 0 0 0 0 0 0 0 0 0 0 0 0 0 0 0 0 0 0 0 0 0 0 0 0 0 0 0 0 0
 0 0 0 0 0 0 0 0 0 0 0 0 0 0 0 0 0 0 0 0 0 0 0 0 0 0 0 0 0 0 0 0 0 0 0 0 0
 0 0 0 0 0 0 0 0 0 0 0 0 0 0 0 0 0 0 0 0 0 0 0 0 0 0 0 0 0 0 0 0 0 0 0 0 0
 0 0 0 0 0 0 1 0 0 0 0 0 0 0 0 0 0 0 0 0 0 0 0 0 0 0 0 0 0 0 0 0 0 0 0 0 0
 0]","[0.17788431 0.35206372 0.39456118 0.12577296 0.27532473 0.2188238
 0.0522518  0.06540307 0.22323656 0.13553085 0.15100721 0.14485021
 0.25349153 0.24208537 0.12505322 0.32693427 0.74510816 0.11296427
 0.19570306 0.55197623 0.08002242 0.13143974 0.13378061 0.08504966
 0.35830023 0.11047297 0.12153757 0.23639081 0.41999371 0.22577828
 0.14267329 0.12570781 0.12369465 0.24982531 0.17343053 0.16743365
 0.08701712 0.25556759 0.20278271 0.13197562 0.12479089 0.78036494
 0.47827751 0.04713148 0.09022512 0.15649428 0.2777605  0.35021155
 0.80785979 0.27417691 0.19028654 0.04809844 0.14674502 0.28877885
 0.15257494 0.19993643 0.23047578 0.14157982 0.09224419 0.15949061
 0.23210899 0.2801552  0.11990271 0.17628264 0.16643369 0.61172072
 0.37756467 0.17104294 0.10129648 0.04858645 0.48585855 0.17727924
 0.16891292 0.08510377 0.14089861 0.1480734  0.38735233 0.47277548
 0.26319492 0.06558746 0.22381801 0.32267693 0.24216704 0.09381067
 0.35473523 0.08400847 0.45996066 0.17502596 0.12135607 0.12644201
 0.24638759 0.13285236 0.08733531 0.08052954 0.08556772 0.09481837
 0.32146288 0.45672042 0.44812399 0.29656372 0.13497034 0.39777559
 0.0692249  0.31576035 0.16139478 0.17822902 0.21935895 0.46589089
 0.46000109 0.08242516 0.06472838 0.15663666 0.29847264 0.06414973
 0.13629573 0.14882467 0.49380644 0.213026   0.15538595 0.19586123
 0.12040157 0.16119429 0.11993053 0.1507616  0.16116888 0.18131901
 0.20006149 0.11923334 0.5771376  0.12092374 0.17675623 0.16861374
 0.08785596 0.20135978 0.19483494 0.10304363 0.24819575 0.34833673
 0.0975428  0.10656711 0.1527961  0.35861632 0.16273616 0.05817396
 0.27883703 0.23298834 0.41780522 0.18920087 0.2943012  0.25170838
 0.12168952 0.21740525 0.26091694 0.14782812 0.11661894 0.11070171
 0.59907191 0.20075591 0.42384893 0.15530419 0.20193781 0.16554359
 0.63089519 0.06825285 0.11707296 0.19199559 0.12934854 0.13145123
 0.1151571  0.25628447 0.25328771 0.12585612 0.2901879  0.08164093
 0.2435754  0.09979841 0.25915332 0.25938391 0.04211151 0.09730988
 0.12322377 0.34132508 0.11330889 0.13180455 0.31659787 0.24411961
 0.19770182 0.08785369 0.28047845 0.10500594 0.2917292  0.68162558
 0.20504145 0.13279476 0.37138446 0.07684491 0.0958346  0.24167342
 0.27848538 0.25748127 0.18059431 0.29725801 0.15042358 0.36663939
 0.21637904 0.31632218 0.23030829 0.08521292 0.07106764 0.22695889
 0.17635975 0.48341421 0.33544769 0.13217648 0.13347605 0.13503161
 0.18738236 0.17092038 0.38837156 0.23402546 0.20025004 0.16615371
 0.18730006]"
